model_version,model_name,normalized_model,normalized_org,eci_score,release_date,organization,country,display_name
gpt-5.1_none,GPT-5.1,gpt-5.1,openai,,2025-11-13,OpenAI,United States of America,GPT-5.1 (no thinking)
gpt-5.1_low,GPT-5.1,gpt-5.1,openai,,2025-11-13,OpenAI,United States of America,GPT-5.1 (low)
claude-opus-4-5-20251101,Claude Opus 4.5,claude opus 4.5,anthropic,,2025-11-24,Anthropic,United States of America,
claude-opus-4-5-20251101_32K,Claude Opus 4.5,claude opus 4.5,anthropic,,2025-11-24,Anthropic,United States of America,
claude-opus-4-5-20251101_16K,Claude Opus 4.5,claude opus 4.5,anthropic,,2025-11-24,Anthropic,United States of America,
gemini-2.5-pro,Gemini 2.5 Pro,gemini 2.5 pro,google,146.00771987825598,2025-06-17,Google DeepMind,"United States of America,United Kingdom of Great Britain and Northern Ireland",
gemini-3-pro-preview,Gemini 3 Pro,gemini 3 pro,google,154.35662248487947,2025-11-18,Google DeepMind,"United States of America,United Kingdom of Great Britain and Northern Ireland",Gemini 3 Pro Preview
gpt-5.1_medium,GPT-5.1,gpt-5.1,openai,148.7611556311927,2025-11-13,OpenAI,United States of America,GPT-5.1 (medium)
o3-2025-04-16_low,o3,o3,openai,,2025-04-16,OpenAI,United States of America,o3 (low)
o3-2025-04-16_high,o3,o3,openai,147.536578847891,2025-04-16,OpenAI,United States of America,o3 (high)
o3-2025-04-16_medium,o3,o3,openai,146.84390540889513,2025-04-16,OpenAI,United States of America,o3 (medium)
claude-sonnet-4-5-20250929,Claude Sonnet 4.5,claude sonnet 4.5,anthropic,141.25642661057762,2025-09-29,Anthropic,United States of America,Claude Sonnet 4.5 (no thinking)
claude-sonnet-4-5-20250929_32K,Claude Sonnet 4.5,claude sonnet 4.5,anthropic,144.9060917306518,2025-09-29,Anthropic,United States of America,Claude Sonnet 4.5 (32k thinking)
o4-mini-2025-04-16_low,o4-mini,o4-mini,openai,,2025-04-16,OpenAI,United States of America,o4-mini (low)
o3-mini-2025-01-31_high,o3-mini,o3-mini,openai,142.11660252556564,2025-01-31,OpenAI,United States of America,o3-mini (high)
kimi-k2-thinking-turbo,Kimi K2 Thinking,kimi k2 thinking,moonshot,,2025-11-06,Moonshot,China,kimi-k2-thinking (turbo official)
gpt-5.1_high,GPT-5.1,gpt-5.1,openai,151.30095489691575,2025-11-13,OpenAI,United States of America,GPT-5.1 (high)
gpt-5-2025-08-07_high,GPT-5,gpt-5,openai,150.71550473923938,2025-08-07,OpenAI,United States of America,GPT-5 (high)
claude-sonnet-4-5-20250929_59K,Claude Sonnet 4.5,claude sonnet 4.5,anthropic,,,Anthropic,United States of America,Claude Sonnet 4.5 (59k thinking)
gpt-5-mini-2025-08-07_high,GPT-5 mini,gpt-5 mini,openai,147.03669545536573,2025-08-07,OpenAI,United States of America,GPT-5 mini (high)
o4-mini-2025-04-16_medium,o4-mini,o4-mini,openai,144.58041010264304,2025-04-16,OpenAI,United States of America,o4-mini (medium)
o4-mini-2025-04-16_high,o4-mini,o4-mini,openai,146.1588337317987,2025-04-16,OpenAI,United States of America,o4-mini (high)
gpt-5-mini-2025-08-07_medium,GPT-5 mini,gpt-5 mini,openai,143.95713034275178,2025-08-07,OpenAI,United States of America,GPT-5 mini (medium)
grok-4-0709,Grok 4,grok 4,xai,147.44612522899772,2025-07-09,xAI,United States of America,
gpt-5-2025-08-07_medium,GPT-5,gpt-5,openai,150.0,2025-08-07,OpenAI,United States of America,GPT-5 (medium)
gpt-oss-120b_high,gpt-oss-120b,gpt-oss-120b,openai,,2025-08-05,OpenAI,United States of America,
gpt-5-nano-2025-08-07_high,GPT-5 nano,gpt-5 nano,openai,142.93910015622072,2025-08-07,OpenAI,United States of America,GPT-5 nano (high)
claude-sonnet-4-5-20250929_16K,Claude Sonnet 4.5,claude sonnet 4.5,anthropic,,2025-09-29,Anthropic,United States of America,Claude Sonnet 4.5 (16k thinking)
gpt-4-0613,GPT-4,gpt-4,openai,121.45286570149771,2023-06-13,OpenAI,United States of America,GPT-4 (Jun 2023)
gpt-4-0314,GPT-4,gpt-4,openai,125.88567044419582,2023-03-14,OpenAI,United States of America,GPT-4 (Mar 2023)
claude-haiku-4-5-20251001_32K,Claude Haiku 4.5,claude haiku 4.5,anthropic,141.73863998137205,2025-10-15,Anthropic,United States of America,
claude-haiku-4-5-20251001,Claude Haiku 4.5,claude haiku 4.5,anthropic,137.45719226023175,2025-10-15,Anthropic,United States of America,
qwen3-max-2025-09-23,Qwen3-Max,qwen3-max,alibaba,142.8258639601152,2025-09-24,Alibaba,China,Qwen3-Max-Instruct
gpt-5-pro-2025-10-06_high,GPT-5 Pro,gpt-5 pro,openai,151.0913582411909,2025-10-07,OpenAI,United States of America,
DeepSeek-V3.1,DeepSeek-V3.1,deepseek-v3.1,deepseek,139.1139504443119,2025-08-21,DeepSeek,China,
glm-4.5,GLM 4.5,glm 4.5,"zhipu ai,tsinghua university",,2025-08-03,"Zhipu AI,Tsinghua University",China,
gpt-5-nano-2025-08-07_medium,GPT-5 nano,gpt-5 nano,openai,140.30607813478542,2025-08-07,OpenAI,United States of America,GPT-5 nano (medium)
gpt-4o-2024-11-20,GPT-4o,gpt-4o,openai,128.8617803897407,2024-11-20,OpenAI,United States of America,GPT-4o (Nov 2024)
claude-opus-4-20250514_27K,Claude Opus 4,claude opus 4,anthropic,,2025-05-22,Anthropic,United States of America,
claude-opus-4-1-20250805_27K,Claude Opus 4.1,claude opus 4.1,anthropic,142.53800833739888,2025-08-05,Anthropic,United States of America,
claude-opus-4-1-20250805,Claude Opus 4.1,claude opus 4.1,anthropic,140.62504674646584,2025-08-05,Anthropic,United States of America,
claude-opus-4-1-20250805_16K,Claude Opus 4.1,claude opus 4.1,anthropic,141.61852978437395,2025-08-05,Anthropic,United States of America,
gpt-4o-mini-2024-07-18,GPT-4o mini,gpt-4o mini,openai,126.293960574252,2024-07-18,OpenAI,United States of America,
claude-opus-4-20250514,Claude Opus 4,claude opus 4,anthropic,139.7946204818778,2025-05-22,Anthropic,United States of America,
claude-sonnet-4-20250514,Claude Sonnet 4,claude sonnet 4,anthropic,137.90553196520733,2025-05-22,Anthropic,United States of America,
gemini-2.5-pro-preview-06-05,Gemini 2.5 Pro,gemini 2.5 pro,google,148.0831144110257,2025-06-05,Google DeepMind,"United States of America,United Kingdom of Great Britain and Northern Ireland",Gemini 2.5 Pro Preview (Jun 2025)
gpt-4.1-2025-04-14,GPT-4.1,gpt-4.1,openai,137.32712185156765,2025-04-14,OpenAI,United States of America,GPT-4.1
grok-3-mini-beta_high,Grok-3 mini,grok-3 mini,xai,142.04579655134285,2025-04-09,xAI,United States of America,
claude-3-5-sonnet-20241022,Claude 3.5 Sonnet (October 2024),claude 3.5 sonnet (october 2024),anthropic,134.18581389246512,2024-10-22,Anthropic,United States of America,Claude 3.5 Sonnet (Oct 2024)
claude-3-5-sonnet-20240620,Claude 3.5 Sonnet,claude 3.5 sonnet,anthropic,130.0,2024-06-20,Anthropic,United States of America,Claude 3.5 Sonnet (Jun 2024)
claude-sonnet-4-20250514_59K,Claude Sonnet 4,claude sonnet 4,anthropic,,2025-05-22,Anthropic,United States of America,
claude-3-7-sonnet-20250219_64K,Claude 3.7 Sonnet,claude 3.7 sonnet,anthropic,140.87234100908552,2025-02-24,Anthropic,United States of America,Claude 3.7 Sonnet (64k thinking)
DeepSeek-R1-0528,DeepSeek-R1,deepseek-r1,deepseek,141.59927945294606,2025-05-28,DeepSeek,China,DeepSeek-R1 (May 2025)
grok-3-beta,Grok 3,grok 3,xai,139.6025109349968,2025-04-09,xAI,United States of America,
magistral-small-2506,Magistral Small 1.1,magistral small 1.1,mistral ai,,2025-06-10,Mistral AI,France,
qwen3-235b-a22b,Qwen3-235B-A22B,qwen3-235b-a22b,alibaba,137.26553309904727,2025-04-29,Alibaba,China,
gemini-2.5-pro-preview-05-06,Gemini 2.5 Pro,gemini 2.5 pro,google,142.29844336633028,2025-05-06,Google DeepMind,"United States of America,United Kingdom of Great Britain and Northern Ireland",Gemini 2.5 Pro Preview (Jun 2025)
DeepSeek-R1,DeepSeek-R1,deepseek-r1,deepseek,139.66588149484457,2025-01-20,DeepSeek,China,
claude-sonnet-4-20250514_32K,Claude Sonnet 4,claude sonnet 4,anthropic,142.04688022583906,2025-05-22,Anthropic,United States of America,
claude-opus-4-20250514_16K,Claude Opus 4,claude opus 4,anthropic,141.69449945526242,2025-05-22,Anthropic,United States of America,
claude-sonnet-4-20250514_16K,Claude Sonnet 4,claude sonnet 4,anthropic,141.45269606016907,2025-05-22,Anthropic,United States of America,
gemini-2.5-flash-preview-05-20,Gemini 2.5 Flash,gemini 2.5 flash,google,141.92423628838742,2025-05-20,Google DeepMind,"United States of America,United Kingdom of Great Britain and Northern Ireland",
qwen-plus-2025-04-28,Qwen Plus,qwen plus,alibaba,,2025-04-28,Alibaba,China,
o3-mini-2025-01-31_medium,o3-mini,o3-mini,openai,139.52892304559973,2025-01-31,OpenAI,United States of America,o3-mini (medium)
DeepSeek-V3-0324,DeepSeek-V3,deepseek-v3,deepseek,137.21709699854208,2025-03-24,DeepSeek,China,DeepSeek-V3 (Mar 2025)
gemini-2.5-pro-preview-03-25,Gemini 2.5 Pro,gemini 2.5 pro,google,143.00042052767435,2025-04-09,Google DeepMind,"United States of America,United Kingdom of Great Britain and Northern Ireland",Gemini 2.5 Pro Preview (Mar 2025)
mistral-medium-2505,Mistral Medium 3,mistral medium 3,mistral ai,135.48272072910214,2025-05-07,Mistral AI,France,
gpt-4.1-mini-2025-04-14,GPT-4.1 mini,gpt-4.1 mini,openai,135.26826343398477,2025-04-14,OpenAI,United States of America,GPT-4.1 mini
gemini-2.0-flash-001,Gemini 2.0 Flash,gemini 2.0 flash,"google deepmind,google",135.16129432065335,2025-02-05,"Google DeepMind,Google","United States of America,United Kingdom of Great Britain and Northern Ireland",Gemini 2.0 Flash (Feb 2025)
grok-3-mini-beta_low,Grok-3 mini,grok-3 mini,xai,138.68368363500375,2025-04-09,xAI,United States of America,
claude-3-7-sonnet-20250219,Claude 3.7 Sonnet,claude 3.7 sonnet,anthropic,137.01746057381325,2025-02-24,Anthropic,United States of America,
gemini-2.5-flash-preview-04-17,Gemini 2.5 Flash,gemini 2.5 flash,google,140.38900759203085,2025-04-17,Google DeepMind,"United States of America,United Kingdom of Great Britain and Northern Ireland",Gemini 2.5 Flash Preview (Apr 2025)
gpt-4.1-nano-2025-04-14,GPT-4.1 nano,gpt-4.1 nano,openai,130.18362938554492,2025-04-14,OpenAI,United States of America,GPT-4.1 nano
qwq-plus,QWQ-Plus,qwq-plus,alibaba,,2025-04-08,Alibaba,China,
Llama-4-Maverick-17B-128E-Instruct-FP8,Llama 4 Maverick,llama 4 maverick,meta ai,134.19076431745415,2025-04-05,Meta AI,United States of America,Llama 4 Maverick (FP8)
Llama-4-Scout-17B-16E-Instruct,Llama 4 Scout,llama 4 scout,meta ai,130.06942557369075,2025-04-05,Meta AI,United States of America,
qwen-turbo-2024-11-01,Qwen-Turbo,qwen-turbo,alibaba,,2024-11-01,Alibaba,China,
qwen-plus-2025-01-25,Qwen Plus,qwen plus,alibaba,,2025-01-25,Alibaba,China,
qwen-max-2025-01-25,Qwen2.5-Max,qwen2.5-max,alibaba,133.17171042178452,2025-01-25,Alibaba,China,
Hermes-2-Theta-Llama-3-70B,Hermes 2 Theta Llama-3 70B,hermes 2 theta llama-3 70b,"nous research,arcee ai",,2024-06-20,"Nous Research,Arcee AI",United States of America,
gemini-2.5-pro-exp-03-25,Gemini 2.5 Pro,gemini 2.5 pro,google,145.2478054172638,2025-03-25,Google DeepMind,"United States of America,United Kingdom of Great Britain and Northern Ireland",Gemini 2.5 Pro Exp (Mar 2025)
mistral-small-2501,Mistral Small 3,mistral small 3,mistral ai,,2025-01-25,Mistral AI,France,
mistral-small-2503,Mistral Small 3.1,mistral small 3.1,mistral ai,,2025-03-17,Mistral AI,France,
gemma-3-27b-it,Gemma 3 27B,gemma 3 27b,google,130.72443434923272,2025-03-12,Google DeepMind,"United States of America,United Kingdom of Great Britain and Northern Ireland",
claude-3-7-sonnet-20250219_32K,Claude 3.7 Sonnet,claude 3.7 sonnet,anthropic,140.71342673972703,2025-02-24,Anthropic,United States of America,Claude 3.7 Sonnet (32k thinking)
claude-3-5-haiku-20241022,Claude 3.5 Haiku,claude 3.5 haiku,anthropic,127.04475039797433,2024-10-22,Anthropic,United States of America,Claude 3.5 Haiku (Oct 2024)
gemini-1.5-flash-8b-001,Gemini 1.5 Flash 8B,gemini 1.5 flash 8b,google,,2024-10-03,Google DeepMind,"United States of America,United Kingdom of Great Britain and Northern Ireland",
DeepSeek-R1-Distill-Qwen-14B,DeepSeek-R1-Distill-Qwen-14B,deepseek-r1-distill-qwen-14b,deepseek,,2025-01-20,DeepSeek,China,
DeepSeek-R1-Distill-Llama-70B,DeepSeek-R1-Distill-Llama-70B,deepseek-r1-distill-llama-70b,deepseek,,2025-01-20,DeepSeek,China,
DeepSeek-V3,DeepSeek-V3,deepseek-v3,deepseek,132.9074415146318,2024-12-26,DeepSeek,China,
Llama-3.1-Tulu-3-70B-DPO,Tulu 3 (Tülu 3) 70B,tulu 3 (tülu 3) 70b,"allen institute for ai,university of washington",,2024-11-21,"Allen Institute for AI,University of Washington",United States of America,
gemma-2-27b-it,Gemma 2 27B,gemma 2 27b,google,121.81269614789444,2024-06-24,Google DeepMind,"United States of America,United Kingdom of Great Britain and Northern Ireland",
gemma-2-9b-it,Gemma 2 9B,gemma 2 9b,google,118.14601130536408,2024-06-24,Google DeepMind,"United States of America,United Kingdom of Great Britain and Northern Ireland",
claude-2.1,Claude 2.1,claude 2.1,anthropic,117.3543173034603,2023-11-21,Anthropic,United States of America,
claude-2.0,Claude 2,claude 2,anthropic,118.81545846135673,2023-07-11,Anthropic,United States of America,
gemini-2.0-flash-thinking-exp-01-21,Gemini 2.0 Flash Thinking,gemini 2.0 flash thinking,"google deepmind,google",136.31702142501297,2025-01-21,"Google DeepMind,Google","United States of America,United Kingdom of Great Britain and Northern Ireland",Gemini 2.0 Flash Thinking Exp
o1-preview-2024-09-12,o1-preview,o1-preview,openai,135.35676167778314,2024-09-12,OpenAI,United States of America,o1-preview
gemini-2.0-pro-exp-02-05,Gemini 2.0 Pro,gemini 2.0 pro,google,135.21353111106174,2025-02-05,Google DeepMind,"United States of America,United Kingdom of Great Britain and Northern Ireland",Gemini 2.0 Pro Exp (Feb 2025)
o1-2024-12-17_high,o1,o1,openai,142.0045964048485,2024-12-17,OpenAI,United States of America,o1 (high)
gpt-4o-2024-08-06,GPT-4o,gpt-4o,openai,128.70018066181854,2024-08-06,OpenAI,United States of America,GPT-4o (Aug 2024)
gemini-1.5-flash-002,Gemini 1.5 Flash,gemini 1.5 flash,google,129.83301230960512,2024-09-24,Google DeepMind,"United States of America,United Kingdom of Great Britain and Northern Ireland",
o1-mini-2024-09-12_high,o1-mini,o1-mini,openai,138.00833350602082,2024-09-12,OpenAI,United States of America,o1-mini (high)
o1-mini-2024-09-12_medium,o1-mini,o1-mini,openai,135.85031088366216,2024-09-12,OpenAI,United States of America,o1-mini (medium)
claude-3-7-sonnet-20250219_16K,Claude 3.7 Sonnet,claude 3.7 sonnet,anthropic,139.6158425063318,2025-02-24,Anthropic,United States of America,Claude 3.7 Sonnet (16k thinking)
grok-2-1212,Grok-2,grok-2,xai,130.4894395327878,2024-12-12,xAI,United States of America,
mistral-large-2411,Mistral Large 2,mistral large 2,mistral ai,128.40621782831866,2024-11-18,Mistral AI,France,
gpt-4.5-preview-2025-02-27,GPT-4.5,gpt-4.5,openai,137.13275917234594,2025-02-27,OpenAI,United States of America,GPT-4.5 Preview (Feb 2025)
gpt-4-turbo-2024-04-09,GPT-4 Turbo,gpt-4 turbo,openai,127.09126406131224,2024-04-09,OpenAI,United States of America,
o1-2024-12-17_medium,o1,o1,openai,142.83914826829536,2024-12-17,OpenAI,United States of America,o1 (medium)
Meta-Llama-3-70B-Instruct,Llama 3-70B,llama 3-70b,meta ai,117.59568918754692,2024-04-18,Meta AI,United States of America,
gemini-1.5-pro-001,Gemini 1.5 Pro,gemini 1.5 pro,google,126.28523284558604,2024-05-24,Google DeepMind,"United States of America,United Kingdom of Great Britain and Northern Ireland",
Llama-3.3-70B-Instruct,Llama 3.3 70B,llama 3.3 70b,meta ai,126.8551494341873,2024-12-06,Meta AI,United States of America,
Llama-3.2-90B-Vision-Instruct,Llama 3.2 90B,llama 3.2 90b,meta ai,125.15742411650518,2024-09-24,Meta AI,United States of America,
Llama-2-70b-chat-hf,Llama 2-70B,llama 2-70b,meta ai,,2023-07-18,Meta AI,United States of America,
gemini-1.5-pro-002,Gemini 1.5 Pro,gemini 1.5 pro,google,132.33959747400257,2024-09-24,Google DeepMind,"United States of America,United Kingdom of Great Britain and Northern Ireland",
qwen2.5-32b-instruct,Qwen2.5-32B,qwen2.5-32b,alibaba,,2024-09-17,Alibaba,China,
mistral-large-2402,Mistral Large,mistral large,mistral ai,,2024-02-26,Mistral AI,France,
claude-3-sonnet-20240229,Claude 3 Sonnet,claude 3 sonnet,anthropic,119.39948461808694,2024-02-29,Anthropic,United States of America,
gemini-1.0-pro-001,Gemini 1.0 Pro,gemini 1.0 pro,google,116.20561250527648,2024-02-15,Google DeepMind,"United States of America,United Kingdom of Great Britain and Northern Ireland",
Llama-3.1-8B-Instruct,Llama 3.1-8B,llama 3.1-8b,meta ai,115.39258003718516,2024-07-23,Meta AI,United States of America,
Llama-3.1-405B-Instruct,Llama 3.1-405B,llama 3.1-405b,meta ai,126.88042989374608,2024-07-23,Meta AI,United States of America,
qwen2.5-72b-instruct,Qwen2.5-72B,qwen2.5-72b,alibaba,129.70087235486136,2024-09-19,Alibaba,China,
gpt-4o-2024-05-13,GPT-4o,gpt-4o,openai,128.49676154847063,2024-05-13,OpenAI,United States of America,GPT-4o (May 2024)
Llama-3.1-70B-Instruct,Llama 3.1-70B,llama 3.1-70b,meta ai,124.83230423653907,2024-07-23,Meta AI,United States of America,
gemini-1.5-flash-001,Gemini 1.5 Flash,gemini 1.5 flash,google,121.98280974401008,2024-05-23,Google DeepMind,"United States of America,United Kingdom of Great Britain and Northern Ireland",Gemini 1.5 Flash (May 2024)
claude-3-haiku-20240307,Claude 3 Haiku,claude 3 haiku,anthropic,117.1161045625431,2024-03-07,Anthropic,United States of America,
Meta-Llama-3-8B-Instruct,Llama 3-8B,llama 3-8b,meta ai,114.89912034883614,2024-04-18,Meta AI,United States of America,
claude-3-opus-20240229,Claude 3 Opus,claude 3 opus,anthropic,126.54545246610402,2024-02-29,Anthropic,United States of America,
phi-4,Phi-4,phi-4,microsoft research,130.86473593004263,2024-12-12,Microsoft Research,United States of America,
mistral-large-2407,Mistral Large 2,mistral large 2,mistral ai,127.0879278168362,2024-07-24,Mistral AI,France,
Phi-3-medium-128k-instruct,phi-3-medium 14B,phi-3-medium 14b,microsoft,121.15182666660598,2024-04-23,Microsoft,United States of America,
gpt-4-0125-preview,GPT-4 Turbo,gpt-4 turbo,openai,,2024-01-25,OpenAI,United States of America,GPT-4 Turbo Preview (January 2024)
gpt-3.5-turbo-1106,GPT-3.5 Turbo,gpt-3.5 turbo,openai,118.36688231147646,2023-11-06,OpenAI,United States of America,GPT-3.5 Turbo (Nov 2023)
gpt-4-1106-preview,GPT-4 Turbo,gpt-4 turbo,openai,,2023-11-06,OpenAI,United States of America,GPT-4 Turbo Preview (Nov 2023)
gpt-3.5-turbo-0125,GPT-3.5 Turbo,gpt-3.5 turbo,openai,113.29311564518834,2024-01-25,OpenAI,United States of America,GPT-3.5 Turbo (Jan 2024)
Yi-1.5-34B-Chat,Yi-1.5-34B,yi-1.5-34b,01.ai,,2024-05-13,01.AI,China,
Yi-34B-Chat,Yi-34B,yi-34b,01.ai,116.96082399414011,2023-11-22,01.AI,China,
qwen2-72b-instruct,Qwen2-72B,qwen2-72b,alibaba,125.04427714664482,2024-06-07,Alibaba,China,
qwen1.5-72b-chat,Qwen1.5-72B,qwen1.5-72b,alibaba,,2024-02-04,Alibaba,China,
qwen1.5-32b-chat,Qwen1.5-32B,qwen1.5-32b,alibaba,,2024-04-03,Alibaba,China,
Mistral-7B-Instruct-v0.3,Mistral 7B,mistral 7b,mistral ai,,2024-05-27,Mistral AI,France,
deepseek-llm-67b-chat,DeepSeek LLM 67B,deepseek llm 67b,deepseek,,2023-11-29,DeepSeek,China,
Mixtral-8x7B-Instruct-v0.1,Mixtral 8x7B,mixtral 8x7b,mistral ai,,2023-12-11,Mistral AI,France,
WizardLM-2-8x22B,WizardLM-2 8x22B,wizardlm-2 8x22b,microsoft,,2024-04-15,Microsoft,United States of America,
dbrx-instruct,DBRX,dbrx,databricks,,2024-03-27,Databricks,United States of America,
ministral-3b-2410,Ministral 3B,ministral 3b,mistral ai,,2024-10-16,Mistral AI,France,
open-mixtral-8x22b,Mixtral 8x22B,mixtral 8x22b,mistral ai,,2024-04-17,Mistral AI,France,
ministral-8b-2410,Ministral 8B,ministral 8b,mistral ai,,2024-10-16,Mistral AI,France,
open-mixtral-8x7b,Mixtral 8x7B,mixtral 8x7b,mistral ai,,2023-12-11,Mistral AI,France,
open-mistral-7b,Mistral 7B,mistral 7b,mistral ai,,2023-09-27,Mistral AI,France,
open-mistral-nemo-2407,Mistral NeMo,mistral nemo,mistral ai,,2024-07-18,Mistral AI,France,
Eurus-2-7B-PRIME,Eurus-2-7B-PRIME,eurus-2-7b-prime,"tsinghua university,university of illinois urbana-champaign (uiuc),shanghai ai lab,peking university,shanghai jiao tong university,cuhk shenzhen research institute",,2024-12-31,"Tsinghua University,University of Illinois Urbana-Champaign (UIUC),Shanghai AI Lab,Peking University,Shanghai Jiao Tong University,CUHK Shenzhen Research Institute","China,United States of America",
gemini-2.5-deep-think-2025-08-01-webapp,Gemini 2.5 Deep Think,gemini 2.5 deep think,"google,google deepmind",,2025-08-01,"Google,Google DeepMind","United States of America,United Kingdom of Great Britain and Northern Ireland",
mpt-7b,MPT-7B,mpt-7b,mosaicml,91.50140113634473,2023-05-05,MosaicML,United States of America,
chatglm2-6b,,,,,2023-06-24,,,
internlm-7b,,,,,2023-07-05,,,
internlm-20b,,,,,2023-09-18,,,
Baichuan-2-7B-Base,Baichuan 2-7B,baichuan 2-7b,baichuan,94.8737027317056,2023-09-20,Baichuan,China,
Baichuan-2-13B-Base,Baichuan2-13B,baichuan2-13b,baichuan,102.14420174739875,2023-09-06,Baichuan,China,
LLaMA-7B,LLaMA-7B,llama-7b,meta ai,93.99457254680748,2023-02-24,Meta AI,United States of America,
LLaMA-13B,LLaMA-13B,llama-13b,meta ai,98.69675413246368,2023-02-24,Meta AI,United States of America,
LLaMA-33B,LLaMA-33B,llama-33b,meta ai,106.71202633661656,2023-02-24,Meta AI,United States of America,
LLaMA-65B,LLaMA-65B,llama-65b,meta ai,109.80774601192748,2023-02-24,Meta AI,United States of America,
Llama-2-7b,Llama 2-7B,llama 2-7b,meta ai,96.83763242018988,2023-07-18,Meta AI,United States of America,
Llama-2-13b,Llama 2-13B,llama 2-13b,meta ai,103.87519841230277,2023-07-18,Meta AI,United States of America,
Llama-2-70b-hf ,Llama 2-70B,llama 2-70b,meta ai,114.4809505380145,2023-07-18,Meta AI,United States of America,
StableBeluga2,Stable Beluga 2,stable beluga 2,stability ai,116.62322772137188,2023-07-20,Stability AI,United Kingdom of Great Britain and Northern Ireland,
Qwen-1_8B,,,,,2023-11-30,,,Qwen-1.8B
Qwen-7B,Qwen-7B,qwen-7b,alibaba,106.2102883419992,2023-09-28,Alibaba,China,
Qwen-14B,Qwen-14B,qwen-14b,alibaba,112.22227837721944,2023-09-28,Alibaba,China,
text-davinci-001,InstructGPT 175B,instructgpt 175b,openai,,2022-01-27,OpenAI,United States of America,
Gopher (280B),Gopher (280B),gopher (280b),google,,2021-12-08,DeepMind,United Kingdom of Great Britain and Northern Ireland,
Megatron-Turing NLG 530B,Megatron-Turing NLG 530B,megatron-turing nlg 530b,"microsoft,nvidia",,2022-01-28,"Microsoft,NVIDIA",United States of America,
Chinchilla (70B),Chinchilla,chinchilla,google,,2022-03-29,DeepMind,United Kingdom of Great Britain and Northern Ireland,
PaLM 540B,PaLM (540B),palm (540b),google research,,2022-04-04,Google Research,United States of America,
Inflection-1,Inflection-1,inflection-1,inflection ai,,2023-06-22,Inflection AI,United States of America,
falcon-7b,Falcon-7B,falcon-7b,technology innovation institute,92.18057092973166,2023-04-24,Technology Innovation Institute,United Arab Emirates,
falcon-40b,Falcon-40B,falcon-40b,technology innovation institute,102.34006339210916,2023-03-15,Technology Innovation Institute,United Arab Emirates,
falcon-180B,Falcon-180B,falcon-180b,technology innovation institute,111.76794610490916,2023-09-06,Technology Innovation Institute,United Arab Emirates,
amazon.nova-pro-v1:0,OpenHands + Amazon Nova Pro V1:0,openhands + amazon nova pro v1:0,cmu,,2024-12-03,CMU,United States of America,
gemini-2.5-flash-preview-09-2025,MUSE + Gemini 2.5 Flash,muse + gemini 2.5 flash,shanghai artificial intelligence laboratory,,2025-09-25,Shanghai Artificial Intelligence Laboratory,"United States of America,United Kingdom of Great Britain and Northern Ireland",
DeepSeek-V3.2-Exp,TTE-MatrixAgent + Deepseek-V3.2,tte-matrixagent + deepseek-v3.2,software engineering couch team,,2025-09-29,Software Engineering Couch Team,,
Mistral-7B-Instruct-v0.2,Mistral 7B,mistral 7b,mistral ai,,,Mistral AI,France,
gemma-2b,Gemma 2B,gemma 2b,google,92.40516785152562,2024-02-21,Google DeepMind,"United States of America,United Kingdom of Great Britain and Northern Ireland",
gemma-7b,Gemma 7B,gemma 7b,google,111.1792767338701,2024-02-21,Google DeepMind,"United States of America,United Kingdom of Great Britain and Northern Ireland",
Baichuan-7B,Baichuan1-7B,baichuan1-7b,baichuan,89.11479910055193,2023-06-01,Baichuan,China,
Phi-3.5-mini-instruct,phi-3.5-mini,phi-3.5-mini,microsoft,,2024-08-16,Microsoft,United States of America,
Phi-3.5-MoE-instruct,Phi-3.5-MoE,phi-3.5-moe,microsoft,,2024-08-17,Microsoft,United States of America,
Mistral-7B-v0.1,Mistral 7B,mistral 7b,mistral ai,111.5246822538384,2023-09-27,Mistral AI,France,
Mistral-Nemo-Base-2407,Mistral NeMo,mistral nemo,mistral ai,,2024-07-18,Mistral AI,France,
gemma-2-9b,Gemma 2 9B,gemma 2 9b,google,,,Google DeepMind,"United States of America,United Kingdom of Great Britain and Northern Ireland",
DeepSeek-V2,DeepSeek-V2 (MoE-236B),deepseek-v2 (moe-236b),deepseek,125.14645236637618,2024-05-07,DeepSeek,China,
Qwen2.5-72B,Qwen2.5-72B,qwen2.5-72b,alibaba,125.7478928269382,2024-09-19,Alibaba,China,
Llama-3.1-405B,Llama 3.1-405B,llama 3.1-405b,meta ai,130.50495449571338,2024-07-23,Meta AI,United States of America,
DeepSeek-V3-Base,DeepSeek-V3,deepseek-v3,deepseek,,2024-12-26,DeepSeek,China,
mpt-30b,MPT-30B,mpt-30b,mosaicml,97.04055512907564,2023-06-22,MosaicML,United States of America,
Llama-2-34b,Llama 2-34B,llama 2-34b,meta ai,104.2704073869009,2023-07-18,Meta AI,United States of America,
PaLM 62B,,,,,2022-04-04,,,
Mistral-7B-Instruct-v0.1,Mistral 7B,mistral 7b,mistral ai,,2023-09-27,Mistral AI,France,
Mixtral-8x7B-v0.1,Mixtral 8x7B,mixtral 8x7b,mistral ai,119.3472807944632,2023-12-11,Mistral AI,France,
Nemotron-4 15B,Nemotron-4 15B,nemotron-4 15b,nvidia,106.64893976740066,2024-02-26,NVIDIA,United States of America,
vicuna-13b-v1.1,,,,,2023-04-12,,,
opt-1.3b,OPT-1.3B,opt-1.3b,meta ai,,2022-05-11,Meta AI,United States of America,
gpt-neo-2.7B,GPT-Neo-2.7B,gpt-neo-2.7b,eleutherai,,2023-03-30,EleutherAI,United States of America,
gpt2-xl,GPT-2 (1.5B),gpt-2 (1.5b),openai,,2019-11-05,OpenAI,United States of America,
xgen-7b-8k-base,XGen-7B,xgen-7b,salesforce,89.13305221749786,2023-06-27,Salesforce,United States of America,
open_llama_7b,,,,,2023-06-07,,,
RedPajama-INCITE-7B-Base,,,,,2023-05-04,,,
gpt-neox-20b,GPT-NeoX-20B,gpt-neox-20b,eleutherai,,2022-04-07,EleutherAI,United States of America,
opt-13b,,,,,2022-05-11,,,
gpt-j-6b,GPT-J-6B,gpt-j-6b,"eleutherai,laion",,2021-08-05,"EleutherAI,LAION","United States of America,Germany",
dolly-v2-12b,Dolly 2.0-12b,dolly 2.0-12b,databricks,83.69764674230967,2023-04-11,Databricks,United States of America,
Cerebras-GPT-13B,Cerebras-GPT-13B,cerebras-gpt-13b,cerebras systems,74.82278791775269,2023-03-20,Cerebras Systems,United States of America,
stablelm-tuned-alpha-7b,,,,,2023-04-19,,,
Yi-6B,Yi 6B,yi 6b,01.ai,101.72403269789346,2023-11-02,01.AI,China,
Yi-34B,Yi-34B,yi-34b,01.ai,,2023-11-02,01.AI,China,
gpt-3.5-turbo-0613,GPT-3.5 Turbo,gpt-3.5 turbo,openai,112.79396282322688,2023-06-13,OpenAI,United States of America,GPT-3.5 Turbo (June 2023)
Baichuan-13B-Base,Baichuan 1-13B,baichuan 1-13b,baichuan,,2023-07-11,Baichuan,China,
Phi-3-mini-4k-instruct,phi-3-mini 3.8B,phi-3-mini 3.8b,microsoft,117.47460152109556,2024-04-23,Microsoft,United States of America,
Phi-3-small-8k-instruct,phi-3-small 7.4B,phi-3-small 7.4b,microsoft,122.83661243859608,2024-04-23,Microsoft,United States of America,
phi-2,Phi-2,phi-2,microsoft,107.04243985869758,2023-12-12,Microsoft,United States of America,
Llama-2-13b-chat,Llama 2-13B,llama 2-13b,meta ai,,2023-07-18,Meta AI,United States of America,
Llama-2-70b-chat,Llama 2-70B,llama 2-70b,meta ai,,2023-07-18,Meta AI,United States of America,
Baichuan2-13B-Chat,,,,,2023-09-06,,,
Qwen-14B-Chat,Qwen-14B,qwen-14b,alibaba,,2023-09-24,Alibaba,China,
internlm-chat-20b,,,,,2023-09-17,,,
Yi-6B-Chat,Yi 6B,yi 6b,01.ai,,2023-11-22,01.AI,China,
Yi-9B,,,,,2024-03-01,,,
PaLM 2-S,,,,,2023-05-17,,,
PaLM 2-M,,,,,2023-05-17,,,
PaLM 2-L,,,,,2023-05-17,,,
Qwen2.5-Coder-0.5B,,,,,2024-09-18,,,
deepseek-coder-1.3b-base,DeepSeek Coder 1.3B,deepseek coder 1.3b,"deepseek,peking university",55.88931455211881,2023-11-02,"DeepSeek,Peking University",China,
Qwen2.5-Coder-1.5B,Qwen2.5-Coder (1.5B),qwen2.5-coder (1.5b),alibaba,102.5967785909876,2024-09-18,Alibaba,China,
starcoder2-3b,StarCoder 2 3B,starcoder 2 3b,"hugging face,servicenow,nvidia,bigcode",86.93980226406802,2024-02-22,"Hugging Face,ServiceNow,NVIDIA,BigCode",,
Qwen2.5-Coder-3B,,,,,2024-09-18,,,
starcoder2-7b,StarCoder 2 7B,starcoder 2 7b,"hugging face,servicenow,nvidia,bigcode",92.3817096639846,2024-02-20,"Hugging Face,ServiceNow,NVIDIA,BigCode",,
deepseek-coder-6.7b-base,DeepSeek Coder 6.7B,deepseek coder 6.7b,"deepseek,peking university",87.9862831118516,2023-11-02,"DeepSeek,Peking University",China,
DeepSeek-Coder-V2-Lite-Base,,,,,2024-06-13,,,
CodeQwen1.5-7B,,,,,2024-04-15,,,
Qwen2.5-Coder-7B,Qwen2.5-Coder (7B),qwen2.5-coder (7b),alibaba,112.51565689207598,2024-09-18,Alibaba,China,
starcoder2-15b,StarCoder 2 15B,starcoder 2 15b,"hugging face,servicenow,nvidia,bigcode",104.41886655763814,2024-02-20,"Hugging Face,ServiceNow,NVIDIA,BigCode",,
Qwen2.5-Coder-14B,,,,,2024-09-18,,,
deepseek-coder-33b-base,DeepSeek Coder 33B,deepseek coder 33b,"deepseek,peking university",95.33399362425764,2023-11-02,"DeepSeek,Peking University",China,
DeepSeek-Coder-V2-Base,DeepSeek-Coder-V2 236B,deepseek-coder-v2 236b,deepseek,,2024-06-17,DeepSeek,China,
Qwen2.5-Coder-32B,Qwen2.5-Coder (32B),qwen2.5-coder (32b),alibaba,119.436211660789,2024-09-18,Alibaba,China,
phi-1_5,Phi-1.5,phi-1.5,microsoft,87.27806181943674,2023-09-11,Microsoft,United States of America,
text-davinci-002,GPT-3.5,gpt-3.5,openai,,2022-03-15,OpenAI,United States of America,
claude-instant-1.1,Claude Instant,claude instant,anthropic,,,Anthropic,United States of America,
claude-instant-1.2,Claude Instant,claude instant,anthropic,120.90254367623167,2023-08-09,Anthropic,United States of America,
T5-Large,,,,,,,,
T5-11B,T5-11B,t5-11b,google,,,Google,United States of America,
T5-3B,T5-3B,t5-3b,google,,,Google,United States of America,
Mixtral-8x22B-Instruct-v0.1,Mixtral 8x22B,mixtral 8x22b,mistral ai,,2024-04-17,Mistral AI,France,
Qwen2.5-VL-72B-Instruct,Qwen2.5-72B,qwen2.5-72b,alibaba,118.16437439712104,2024-09-19,Alibaba,China,
Qwen2-VL-72B-Instruct,,,,,2024-08-29,,,
LLaVA-Video-72B-Qwen2,,,,,2024-09-02,,,
Oryx-1.5-32B,,,,,2024-10-22,,,
InternVL2_5-78B,InternVL2_5-78B,internvl2_5-78b,"shanghai ai lab,sensetime,tsinghua university,nanjing university,fudan university,chinese university of hong kong (cuhk),shanghai jiao tong university",,2024-12-06,"Shanghai AI Lab,SenseTime,Tsinghua University,Nanjing University,Fudan University,Chinese University of Hong Kong (CUHK),Shanghai Jiao Tong University","China,Hong Kong",
ViLAMP-llava-qwen,,,,,2025-05-01,,,
Aria,,,,,2024-09-30,,,
LinVT,,,,,2024-12-06,,,
LLaVA-Video-7B-Qwen2-TPO,,,,,2025-01-19,,,
VideoLLAMA3-7B,,,,,2024-01-22,,,
LiveCC-7B-Instruct,,,,,2024-04-12,,,
LLaVA-Video-7B-Qwen2,,,,,2024-09-02,,,
NVILA-8B,NVILA 8B,nvila 8b,"nvidia,massachusetts institute of technology (mit),university of california (uc) berkeley,university of california san diego,university of washington,tsinghua university",,2024-12-10,"NVIDIA,Massachusetts Institute of Technology (MIT),University of California (UC) Berkeley,University of California San Diego,University of Washington,Tsinghua University","China,United States of America",
VideoChat-Flash-Qwen2-7B_res448,,,,,2025-01-11,,,
LLaVA-OneVision 72B,,,,,2024-08-06,,,
Qwen2-VL-7B-Instruct,,,,,2024-08-29,,,
ByteVideoLLM-14B,,,,,2024-10-13,,,
mPLUG-Owl3-7B-241101,,,,,2024-11-26,,,
MiniCPM-o-2_6,,,,,2025-01-12,,,
VideoLLAMA2-7B,,,,,2024-06-12,,,
MiniCPM-V-2_6,,,,,2024-08-03,,,
gpt-4-1106-vision-preview,GPT-4V,gpt-4v,openai,,2023-11-06,OpenAI,United States of America,
TimeMarker,,,,,2024-11-27,,,
InternVL2-40B,InternVL2-40B,internvl2-40b,shanghai ai lab,,2024-07-08,Shanghai AI Lab,China,
Video-XL-7B,,,,,2024-10-17,,,
VITA,,,,,2024-08-12,,,
VITA-1.5,,,,,2024-12-20,,,
kangaroo,,,,,2024-11-13,,,
Video-CCAM-7B-v1.2,,,,,2024-09-29,,,
long-llava-qwen2-7b,,,,,2024-08-30,,,
LongVA-7B,,,,,2024-06-13,,,
InternVL-Chat-V1-5,,,,,2024-04-18,,,
Qwen-VL-Max,,,,,2024-01-18,,,
Chat-Uni-Vi-7B-v1.5 + 100k SG-WV,,,,,2024-06-20,,,
SliME-Llama3-8B,,,,,2024-06-02,,,
Chat-UniVi-7B-v1.5 ,,,,,2024-04-23,,,
video_chat2_mistral,,,,,2023-11-29,,,
sharegpt4video-8b,,,,,2024-05-27,,,
ST-LLM,,,,,2024-03-28,,,
Qwen-VL-Chat,,,,,2023-08-20,,,
Video-LLaVA-7B,,,,,2023-11-17,,,
gemini-2.0-flash-02-05,Gemini 2.0 Flash,gemini 2.0 flash,"google deepmind,google",,2025-02-05,"Google DeepMind,Google","United States of America,United Kingdom of Great Britain and Northern Ireland",
GLaM (MoE),GLaM,glam,google,,2021-12-13,Google,United States of America,
amazon.nova-lite-v1:0,Amazon Nova Lite,amazon nova lite,amazon,,2024-12-03,Amazon,United States of America,
amazon.nova-micro-v1:0,Amazon Nova Micro,amazon nova micro,amazon,,2024-12-03,Amazon,United States of America,
claude-1.3,Claude 1.3,claude 1.3,anthropic,,2023-04-18,Anthropic,United States of America,
c4ai-command-r-08-2024,,,,,2024-08-30,,,
c4ai-command-r-plus-08-2024,Command R+,command r+,"cohere,cohere for ai",,2024-08-30,"Cohere,Cohere for AI",Canada,
falcon-11b,Falcon 2 11B,falcon 2 11b,technology innovation institute,108.99091155069172,2024-05-09,Technology Innovation Institute,United Arab Emirates,Falcon 2-11B
gemini-1.5-flash-0514,Gemini 1.5 Flash,gemini 1.5 flash,google,,2024-05-14,Google DeepMind,"United States of America,United Kingdom of Great Britain and Northern Ireland",
gemini-2.0-flash-exp,Gemini 2.0 Flash,gemini 2.0 flash,"google deepmind,google",128.16895510488612,2024-12-11,"Google DeepMind,Google","United States of America,United Kingdom of Great Britain and Northern Ireland",
gpt-4-turbo,GPT-4 Turbo,gpt-4 turbo,openai,,2023-11-06,OpenAI,United States of America,
Llama-3.2-11B-Vision-Instruct,Llama 3.2 11B,llama 3.2 11b,meta ai,,2024-09-24,Meta AI,United States of America,
mistral-small-2402,,,,,2024-02-26,,,
Mixtral-8x22B-v0.1,Mixtral 8x22B,mixtral 8x22b,mistral ai,,2024-04-17,Mistral AI,France,
Qwen1.5-7B,Qwen1.5-7B,qwen1.5-7b,alibaba,,2024-02-04,Alibaba,China,
qwen1.5-14B,Qwen1.5-14B,qwen1.5-14b,alibaba,,2024-02-04,Alibaba,China,
qwen1.5-32B,Qwen1.5-32B,qwen1.5-32b,alibaba,,2024-02-04,Alibaba,China,
qwen2.5-14b-instruct,Qwen2.5-14B,qwen2.5-14b,alibaba,,2025-02-26,Alibaba,China,
qwen2.5-7b-instruct,Qwen2.5-7B,qwen2.5-7b,alibaba,,2025-02-26,Alibaba,China,
Yi-large,Yi-Large,yi-large,01.ai,,2024-05-13,01.AI,China,
gpt-5-2025-08-07_low,GPT-5,gpt-5,openai,,2025-08-07,OpenAI,United States of America,GPT-5 (low)
claude-sonnet-4-5-20250929_2K,Claude Sonnet 4.5,claude sonnet 4.5,anthropic,,2025-09-29,Anthropic,United States of America,Claude Sonnet 4.5 (2k thinking)
gpt-5-2025-08-07_minimal,GPT-5,gpt-5,openai,,2025-08-07,OpenAI,United States of America,GPT-5 (minimal)
claude-opus-4-20250514_2K,Claude Opus 4,claude opus 4,anthropic,,2025-05-22,Anthropic,United States of America,
claude-sonnet-4-20250514_2K,Claude Sonnet 4,claude sonnet 4,anthropic,,2025-05-22,Anthropic,United States of America,
claude-3-7-sonnet-20250219_2K,Claude 3.7 Sonnet,claude 3.7 sonnet,anthropic,,2025-02-24,Anthropic,United States of America,Claude 3.7 Sonnet (2k thinking)
o3-pro-2025-06-10_medium,o3-pro,o3-pro,openai,,2025-06-10,OpenAI,United States of America,
o3-pro-2025-06-10_low,o3-pro,o3-pro,openai,,2025-06-10,OpenAI,United States of America,
o3-pro-2025-06-10_high,o3-pro,o3-pro,openai,,2025-06-10,OpenAI,United States of America,
o3-mini-2025-01-31_low,o3-mini,o3-mini,openai,,2025-01-31,OpenAI,United States of America,
o1-pro-2025-03-19_low,o1,o1,openai,,2025-03-19,OpenAI,United States of America,
o1-2024-12-17_low,o1,o1,openai,,2024-12-17,OpenAI,United States of America,o1 (low)
Llama-4-Maverick-17B-128E-Instruct,Llama 4 Maverick,llama 4 maverick,meta ai,127.48536024476758,2025-04-05,Meta AI,United States of America,Llama 4 Maverick
grok-3,Grok 3,grok 3,xai,,2025-04-09,xAI,United States of America,
gemini-2.5-pro-preview-06-05_1K,Gemini 2.5 Pro,gemini 2.5 pro,google,,2025-06-05,Google DeepMind,"United States of America,United Kingdom of Great Britain and Northern Ireland",Gemini 2.5 Pro Preview (Jun 2025)
gemini-2.5-flash-preview-04-17 (24K thinking),Gemini 2.5 Flash,gemini 2.5 flash,google,,2025-04-17,Google DeepMind,"United States of America,United Kingdom of Great Britain and Northern Ireland",
gemini-2.5-flash-preview-05-20_16K,Gemini 2.5 Flash,gemini 2.5 flash,google,,2025-05-20,Google DeepMind,"United States of America,United Kingdom of Great Britain and Northern Ireland",
gemini-2.5-flash-preview-05-20_8K,Gemini 2.5 Flash,gemini 2.5 flash,google,,2025-05-20,Google DeepMind,"United States of America,United Kingdom of Great Britain and Northern Ireland",
gemini-2.5-flash-preview-05-20_1K,Gemini 2.5 Flash,gemini 2.5 flash,google,,2025-05-20,Google DeepMind,"United States of America,United Kingdom of Great Britain and Northern Ireland",
codex-mini-2025-05-16,,,,,2025-05-16,,,
claude-sonnet-4-20250514_8K,Claude Sonnet 4,claude sonnet 4,anthropic,,2025-05-22,Anthropic,United States of America,
claude-sonnet-4-20250514_1K,Claude Sonnet 4,claude sonnet 4,anthropic,,2025-05-22,Anthropic,United States of America,
claude-opus-4-20250514_8K,Claude Opus 4,claude opus 4,anthropic,,2025-05-22,Anthropic,United States of America,
claude-opus-4-20250514_1K,Claude Opus 4,claude opus 4,anthropic,,2025-05-22,Anthropic,United States of America,
claude-3-7-sonnet-20250219_8K,Claude 3.7 Sonnet,claude 3.7 sonnet,anthropic,,2025-02-24,Anthropic,United States of America,Claude 3.7 Sonnet (8k thinking)
claude-3-7-sonnet-20250219_1K,Claude 3.7 Sonnet,claude 3.7 sonnet,anthropic,,2025-02-24,Anthropic,United States of America,Claude 3.7 Sonnet (1k thinking)
gemini-2.5-pro-preview-06-05_32K,Gemini 2.5 Pro,gemini 2.5 pro,google,,,Google DeepMind,"United States of America,United Kingdom of Great Britain and Northern Ireland",Gemini 2.5 Pro Preview (Jun 2025)
DeepSeek-V3.2-Exp_thinking,,,,,2025-09-29,,,
claude-opus-4-20250514_32K,Claude Opus 4,claude opus 4,anthropic,,2025-05-22,Anthropic,United States of America,
Kimi-K2-Instruct,Kimi K2,kimi k2,moonshot,139.38024102730586,2025-07-12,Moonshot,China,Kimi K2 Instruct
gemini-2.5-flash-preview-05-20_23K,Gemini 2.5 Flash,gemini 2.5 flash,google,,2025-05-20,Google DeepMind,"United States of America,United Kingdom of Great Britain and Northern Ireland",
chatgpt-4o-03-27-2025,GPT-4o,gpt-4o,openai,,2025-03-27,OpenAI,United States of America,
Qwen3-32B,Qwen3-32B,qwen3-32b,alibaba,,2025-04-29,Alibaba,China,
gemini-exp-1206,Gemini 2.0 Flash,gemini 2.0 flash,"google deepmind,google",,2024-12-06,"Google DeepMind,Google","United States of America,United Kingdom of Great Britain and Northern Ireland",
chatgpt-4o-01-29-2025,GPT-4o,gpt-4o,openai,,2025-01-29,OpenAI,United States of America,
QwQ-32B,QwQ-32B,qwq-32b,alibaba,,2025-03-05,Alibaba,China,
DeepSeek-V2.5,DeepSeek-V2.5,deepseek-v2.5,deepseek,,2024-09-06,DeepSeek,China,
Qwen2.5-Coder-32B-Instruct,Qwen2.5-Coder (32B),qwen2.5-coder (32b),alibaba,,2024-11-21,Alibaba,China,
yi-lightning,Yi-Lightning,yi-lightning,01.ai,,2024-12-02,01.AI,China,
c4ai-command-a-03-2025,Cohere Command A,cohere command a,cohere,,2025-03-13,Cohere,Canada,
codestral-2501,Codestral,codestral,mistral ai,,2025-01-13,Mistral AI,France,
openhands-lm-32b-v0.1,,,,,2024-03-26,,,
text-davinci-003,GPT-3.5,gpt-3.5,openai,,2022-11-28,OpenAI,United States of America,
gpt-4-32k-0314,GPT-4,gpt-4,openai,,2023-03-14,OpenAI,United States of America,
opt-175b,OPT-175B,opt-175b,meta ai,,2022-05-02,Meta AI,United States of America,
davinci,GPT-3 175B (davinci),gpt-3 175b (davinci),openai,,,OpenAI,United States of America,
opt-66b,OPT-66B,opt-66b,meta ai,,2022-05-03,Meta AI,United States of America,
bloom,BLOOM-176B,bloom-176b,"hugging face,bigscience",,2022-07-06,"Hugging Face,BigScience","United States of America,France",
curie,GPT-3 6.7B,gpt-3 6.7b,openai,,,OpenAI,United States of America,
text-curie-001,InstructGPT 6B,instructgpt 6b,openai,,,OpenAI,United States of America,
text-babbage-001,InstructGPT 1.3B,instructgpt 1.3b,openai,,,OpenAI,United States of America,
babbage,GPT-3 XL,gpt-3 xl,openai,,,OpenAI,United States of America,
ada,GPT-3 Medium,gpt-3 medium,openai,,,OpenAI,United States of America,
text-ada-001,InstructGPT 350M,instructgpt 350m,openai,,,OpenAI,United States of America,
ml-elephant,,,,,,,,Zoo Ml-Ephant
gpt-5-codex,GPT-5,gpt-5,openai,,2025-09-15,OpenAI,United States of America,GPT-5-codex
gemini-2.5-pro_16K,Gemini 2.5 Pro,gemini 2.5 pro,google,,2025-06-17,Google DeepMind,"United States of America,United Kingdom of Great Britain and Northern Ireland",
claude-haiku-4-5-20251001_16K,Claude Haiku 4.5,claude haiku 4.5,anthropic,,2025-10-15,Anthropic,United States of America,
grok-4-fast,Grok 4 Fast,grok 4 fast,xai,,2025-09-19,xAI,United States of America,
kimi-k2-thinking,Kimi K2 Thinking,kimi k2 thinking,moonshot,,2025-11-06,Moonshot,China,kimi-k2-thinking (official)
grok-3-mini_high,Grok-3 mini,grok-3 mini,xai,,2025-06-24,xAI,United States of America,
gemini-2.5-flash-preview-09-2025_16k,Gemini 2.5 Flash,gemini 2.5 flash,google,,2025-09-25,Google DeepMind,"United States of America,United Kingdom of Great Britain and Northern Ireland",
gpt-oss-120b_medium,gpt-oss-120b,gpt-oss-120b,openai,,2025-08-05,OpenAI,United States of America,
Qwen3-Coder-480B-A35B-Instruct,Qwen3-Coder-480B-A35B,qwen3-coder-480b-a35b,alibaba,,2025-07-31,Alibaba,China,
Qwen3-235B-A22B-Thinking-2507,,,,,2025-07-25,,,
gpt-oss-20b_high,gpt-oss-20b,gpt-oss-20b,openai,,2025-08-05,OpenAI,United States of America,
glm-4.5_thinking,GLM 4.5,glm 4.5,"zhipu ai,tsinghua university",,2025-08-05,"Zhipu AI,Tsinghua University",China,
gpt-5-chat,GPT-5,gpt-5,openai,,,OpenAI,United States of America,
Qwen3-235B-A22B-Instruct-2507,Qwen3-235B-A22B,qwen3-235b-a22b,alibaba,,2025-07-25,Alibaba,China,
DeepSeek-V3.1_thinking,DeepSeek-V3.1,deepseek-v3.1,deepseek,,2025-08-21,DeepSeek,China,
gpt-oss-20b_medium,gpt-oss-20b,gpt-oss-20b,openai,,2025-08-05,OpenAI,United States of America,
Kimi-K2-Instruct-0905,Kimi K2,kimi k2,moonshot,,2024-09-05,Moonshot,China,
gemini-2.5-flash-lite-preview-06-17_16K,Gemini 2.5 Flash-Lite,gemini 2.5 flash-lite,google,,2025-06-17,Google DeepMind,"United States of America,United Kingdom of Great Britain and Northern Ireland",
grok-code-fast-1,,,,,2025-08-28,,,
mistral-medium-2508,,,,,2025-08-12,,,
Qwen3-30B-A3B,Qwen3-30B-A3B,qwen3-30b-a3b,alibaba,,2025-04-29,Alibaba,China,
Meta-Llama-3-8B,Llama 3-8B,llama 3-8b,meta ai,,2024-04-18,Meta AI,United States of America,
Meta-Llama-3-70B,Llama 3-70B,llama 3-70b,meta ai,,2024-04-18,Meta AI,United States of America,
gemini-2.5-flash,Gemini 2.5 Flash,gemini 2.5 flash,google,,2025-06-17,Google DeepMind,"United States of America,United Kingdom of Great Britain and Northern Ireland",
reka-flash-3,Reka Flash 3,reka flash 3,reka ai,,2025-03-10,Reka AI,United States of America,
DeepSeek-R1-Distill-Qwen-32B,DeepSeek-R1-Distill-Qwen-32B,deepseek-r1-distill-qwen-32b,deepseek,,2025-01-20,DeepSeek,China,
Mistral-Nemo-Instruct-2407,Mistral NeMo,mistral nemo,mistral ai,,2024-07-18,Mistral AI,France,
Llama-3.2-3B-Instruct,Llama 3.2 3B,llama 3.2 3b,meta ai,,2024-09-24,Meta AI,United States of America,
Llama-3.2-1B-Instruct,Llama 3.2 1B,llama 3.2 1b,meta ai,,2024-09-24,Meta AI,United States of America,
claude-opus-4-20250514_12K,Claude Opus 4,claude opus 4,anthropic,,2025-05-22,Anthropic,United States of America,
claude-sonnet-4-5-20250929_12K,Claude Sonnet 4.5,claude sonnet 4.5,anthropic,,2025-09-29,Anthropic,United States of America,Claude Sonnet 4.5 (12k thinking)
claude-3-7-sonnet-20250219_12K,Claude 3.7 Sonnet,claude 3.7 sonnet,anthropic,,2025-02-24,Anthropic,United States of America,Claude 3.7 Sonnet (12k thinking)
claude-sonnet-4-20250514_12K,Claude Sonnet 4,claude sonnet 4,anthropic,,2025-05-22,Anthropic,United States of America,
gpt-oss-120b,gpt-oss-120b,gpt-oss-120b,openai,,2025-08-05,OpenAI,United States of America,
glm-4.6,GLM 4.6,glm 4.6,"zhipu ai,tsinghua university",,2025-09-30,"Zhipu AI,Tsinghua University",China,
GLM-4.5-Air,,,,,2025-07-20,,,
qwen3-coder-plus,,,,,2025-09-23,,,
MiniMax-M1-80k,MiniMax-M1-80k,minimax-m1-80k,minimax,,2025-06-13,MiniMax,China,
qwen2.5-max,Qwen2.5-Max,qwen2.5-max,alibaba,,2025-01-28,Alibaba,China,
computer-use-preview-2025-03-11,,,,,2025-03-11,,,
claude-3-7-sonnet-20250219_15K,Claude 3.7 Sonnet,claude 3.7 sonnet,anthropic,,2025-02-24,Anthropic,United States of America,Claude 3.7 Sonnet (15k thinking)
Pixtral-12B-2409,Pixtral 12B,pixtral 12b,mistral ai,,2024-09-17,Mistral AI,France,
gpt-5.1-codex,GPT-5.1-codex,gpt-5.1-codex,openai,,2025-11-12,OpenAI,United States of America,GPT-5.1-codex
gpt-5.1-codex-mini,GPT-5.1-codex-mini,gpt-5.1-codex-mini,openai,,2025-11-12,OpenAI,United States of America,GPT-5.1-codex mini
gpt-oss-20b,gpt-oss-20b,gpt-oss-20b,openai,,2025-08-05,OpenAI,United States of America,
mpt-30b-instruct,MPT-30B,mpt-30b,mosaicml,,2023-06-22,MosaicML,United States of America,
vicuna-13b-v1.3,Vicuna-13B-v1.3,icuna-13b-v1.3,"large model systems organization,university of california (uc) berkeley",,2023-06-18,"Large Model Systems Organization,University of California (UC) Berkeley",United States of America,
T5-Small,,,,,,,,
T5-Base,,,,,,,,
Switch-Base,,,,,,,,
Switch-Large,,,,,,,,
davinci-002,GPT-3 175B (davinci),gpt-3 175b (davinci),openai,,,OpenAI,United States of America,
gpt-3.5-turbo-instruct,GPT-3.5 Turbo,gpt-3.5 turbo,openai,,2023-09-18,OpenAI,United States of America,
code-davinci-002,GPT-3.5,gpt-3.5,openai,,,OpenAI,United States of America,
falcon-40b-instruct,Falcon-40B,falcon-40b,technology innovation institute,,2023-05-25,Technology Innovation Institute,United Arab Emirates,
DeepSeek-Coder-V2-Lite-Instruct,,,,,2024-06-13,,,
DeepSeek-Coder-V2-Instruct,DeepSeek-Coder-V2 236B,deepseek-coder-v2 236b,deepseek,,2024-06-17,DeepSeek,China,
Qwen2.5-Coder-3B-Instruct,,,,,2024-11-06,,,
Qwen2.5-Coder-7B-Instruct,Qwen2.5-Coder (7B),qwen2.5-coder (7b),alibaba,,2024-09-17,Alibaba,China,
Qwen2.5-Coder-14B-Instruct,,,,,2024-11-06,,,
QwQ-32B (16K thinking),QwQ-32B,qwq-32b,alibaba,,2025-03-05,Alibaba,China,
moonshotai/kimi-k2-0905,Kimi K2,kimi k2,moonshot,,2025-09-05,Moonshot,China,Kimi K2 0905 (Novita)
gemini-robotics-er-1.5-preview,,,,,2025-09-26,,,
gemini-2.5-flash-lite-preview-09-2025,Gemini 2.5 Flash-Lite,gemini 2.5 flash-lite,google,,2025-09-25,Google DeepMind,"United States of America,United Kingdom of Great Britain and Northern Ireland",
gemini-2.0-flash-lite,Gemini 2.0 Flash-Lite,gemini 2.0 flash-lite,google,,2025-02-05,Google DeepMind,"United States of America,United Kingdom of Great Britain and Northern Ireland",
gemini-2.0-flash-lite-preview-02-05,Gemini 2.0 Flash-Lite,gemini 2.0 flash-lite,google,,2025-02-05,Google DeepMind,"United States of America,United Kingdom of Great Britain and Northern Ireland",
Dracarys2-72B-Instruct,,,,,2024-09-30,,,
learnlm-1.5-pro-experimental,,,,,,,,
sonar,,,,,,,,Perplexity Sonar
Dracarys2-Llama-3.1-70B-Instruct,,,,,2024-08-14,,,
QwQ-32B-Preview,QwQ-32B,qwq-32b,alibaba,,2024-11-28,Alibaba,China,
OLMo-2-1124-13B-Instruct,OLMo 2 Furious 13B,olmo 2 furious 13b,"allen institute for ai,university of washington,new york university (nyu)",,2024-12-31,"Allen Institute for AI,University of Washington,New York University (NYU)",United States of America,
blip2-opt-2.7b,BLIP-2 (Q-Former),blip-2 (q-former),salesforce research,,2023-02-06,Salesforce Research,United States of America,
Phi-3.5-vision-instruct,,,,,2024-08-16,,,
MM1-3B-Chat,,,,,2024-03-14,,,
MM1-7B-Chat,,,,,2024-03-14,,,
llava-v1.6-vicuna-7b,,,,,2024-01-31,,,
llama3-llava-next-8b,,,,,2024-04-20,,,
gemini-1.0-pro-vision,Gemini 1.0 Pro Vision,gemini 1.0 pro vision,google,,2024-01-04,Google DeepMind,"United States of America,United Kingdom of Great Britain and Northern Ireland",
falcon-11B-vlm,,,,,2024-05-21,,,
llava-v1.6-vicuna-13b,,,,,2024-01-31,,,
llava-v1.6-mistral-7b,,,,,2024-01-31,,,
instructblip-vicuna-7b,,,,,2023-05-22,,,
instructblip-vicuna-13b,,,,,2023-12-25,,,
InternVL-Chat-ViT-6B-Vicuna-7B,,,,,2023-12-25,,,
InternVL-Chat-ViT-6B-Vicuna-13B,,,,,2024-08-16,,,
llava-v1.5-7b,,,,,2023-10-05,,,
chutes/QwQ-32B,QwQ-32B,qwq-32b,alibaba,,2025-03-05,Alibaba,China,
chutes/Qwen3-235B-A22B,Qwen3-235B-A22B,qwen3-235b-a22b,alibaba,,2025-04-28,Alibaba,China,
chutes/Qwen3-32B,Qwen3-32B,qwen3-32b,alibaba,,2025-04-28,Alibaba,China,
chutes/Qwen3-30B-A3B,Qwen3-30B-A3B,qwen3-30b-a3b,alibaba,,2025-04-28,Alibaba,China,
chutes/Qwen3-14B,Qwen3-14B,qwen3-14b,alibaba,,2025-04-28,Alibaba,China,
chutes/Qwen3-8B,Qwen3-8B,qwen3-8b,alibaba,,2025-04-28,Alibaba,China,
grok-3-mini-beta_medium,Grok-3 mini,grok-3 mini,xai,,2025-04-09,xAI,United States of America,
chutes/DeepSeek-V3-0324,DeepSeek-V3,deepseek-v3,deepseek,,2025-03-24,DeepSeek,China,DeepSeek-V3 (Mar 2025)
chutes/Gemma-3-27b-It,Gemma 3 27B,gemma 3 27b,google,,2025-03-11,Google DeepMind,"United States of America,United Kingdom of Great Britain and Northern Ireland",
chutes/Llama-4-Maverick-17B-128E-Instruct,Llama 4 Maverick,llama 4 maverick,meta ai,,2025-04-06,Meta AI,United States of America,
chutes/Llama-4-Scout-17B-16E Instruct,Llama 4 Scout,llama 4 scout,meta ai,,2025-04-06,Meta AI,United States of America,
chutes/DeepSeek-R1-0528,DeepSeek-R1,deepseek-r1,deepseek,,2025-05-28,DeepSeek,China,DeepSeek-R1 (May 2025)
gemini-2.5-flash-lite-preview-06-17-thinking,Gemini 2.5 Flash-Lite,gemini 2.5 flash-lite,google,,2025-06-17,Google DeepMind,"United States of America,United Kingdom of Great Britain and Northern Ireland",gemini-2.5-flash-lite-preview-06-17 (Default thinking length)
chutes/GLM-4.5-FP8,,,,,2025-07-27,,,
chutes/Qwen3-235B-A22B-Thinking-2507,Qwen3-235B-A22B,qwen3-235b-a22b,alibaba,,2025-07-25,Alibaba,China,
chutes/gpt-oss-120b_high,gpt-oss-120b,gpt-oss-120b,openai,,2025-08-05,OpenAI,United States of America,
chutes/Qwen3-Next-80B-A3B-Instruct,,,,,2025-09-11,,,
chutes/gpt-oss-120b,gpt-oss-120b,gpt-oss-120b,openai,,2025-08-05,OpenAI,United States of America,
fireworks/Kimi-K2-Instruct-0905,Kimi K2,kimi k2,moonshot,,2025-09-05,Moonshot,China,Kimi K2 Instruct (0905)
parasail-qwen3-235b-a22b-instruct-2507,Qwen3-235B-A22B,qwen3-235b-a22b,alibaba,,2025-09-01,Alibaba,China,
nvidia-nemotron-nano-9b-v2,,,,,2025-08-18,,,
deepinfra/Qwen3-Next-80B-A3B-Instruct,,,,,,,,
